"event_date","otp_count","user_count"
"2025-04-01","1","7934"
"2025-04-01","2","1617"
"2025-04-01","3","500"
"2025-04-01","4","157"
"2025-04-01","5","77"
"2025-04-01","6","56"
"2025-04-01","7","21"
"2025-04-01","8","15"
"2025-04-01","9","8"
"2025-04-01","10","7"
"2025-04-01","11","5"
"2025-04-01","12","1"
"2025-04-01","13","1"
"2025-04-01","14","1"
"2025-04-01","15","1"
"2025-04-01","16","1"
"2025-04-01","17","1"
"2025-04-01","21","1"
"2025-04-02","1","7892"
"2025-04-02","2","1598"
"2025-04-02","3","463"
"2025-04-02","4","184"
"2025-04-02","5","92"
"2025-04-02","6","36"
"2025-04-02","7","39"
"2025-04-02","8","19"
"2025-04-02","9","11"
"2025-04-02","10","10"
"2025-04-02","11","5"
"2025-04-02","12","2"
"2025-04-02","13","2"
"2025-04-02","14","1"
"2025-04-02","15","2"
"2025-04-02","16","1"
"2025-04-03","1","7343"
"2025-04-03","2","1543"
"2025-04-03","3","485"
"2025-04-03","4","190"
"2025-04-03","5","89"
"2025-04-03","6","52"
"2025-04-03","7","31"
"2025-04-03","8","14"
"2025-04-03","9","11"
"2025-04-03","10","8"
"2025-04-03","11","7"
"2025-04-03","12","3"
"2025-04-03","13","2"
"2025-04-03","14","1"
"2025-04-03","15","3"
"2025-04-03","16","5"
"2025-04-03","18","1"
"2025-04-04","1","6979"
"2025-04-04","2","1497"
"2025-04-04","3","506"
"2025-04-04","4","219"
"2025-04-04","5","110"
"2025-04-04","6","53"
"2025-04-04","7","37"
"2025-04-04","8","23"
"2025-04-04","9","15"
"2025-04-04","10","11"
"2025-04-04","11","6"
"2025-04-04","12","2"
"2025-04-04","13","4"
"2025-04-04","14","3"
"2025-04-04","15","2"
"2025-04-04","16","1"
"2025-04-04","17","1"
"2025-04-04","18","1"
"2025-04-05","1","6351"
"2025-04-05","2","1499"
"2025-04-05","3","500"
"2025-04-05","4","179"
"2025-04-05","5","79"
"2025-04-05","6","46"
"2025-04-05","7","19"
"2025-04-05","8","13"
"2025-04-05","9","11"
"2025-04-05","10","8"
"2025-04-05","11","5"
"2025-04-05","12","4"
"2025-04-05","13","3"
"2025-04-05","14","3"
"2025-04-05","15","1"
"2025-04-05","16","4"
"2025-04-06","1","7300"
"2025-04-06","2","1484"
"2025-04-06","3","416"
"2025-04-06","4","148"
"2025-04-06","5","66"
"2025-04-06","6","34"
"2025-04-06","7","23"
"2025-04-06","8","8"
"2025-04-06","9","7"
"2025-04-06","10","6"
"2025-04-06","11","6"
"2025-04-06","12","2"
"2025-04-06","13","1"
"2025-04-06","14","1"
"2025-04-06","16","1"
"2025-04-06","19","1"
"2025-04-07","1","7899"
"2025-04-07","2","1778"
"2025-04-07","3","522"
"2025-04-07","4","217"
"2025-04-07","5","88"
"2025-04-07","6","44"
"2025-04-07","7","28"
"2025-04-07","8","14"
"2025-04-07","9","16"
"2025-04-07","10","13"
"2025-04-07","11","5"
"2025-04-07","12","5"
"2025-04-07","13","5"
"2025-04-07","14","2"
"2025-04-07","15","1"
"2025-04-07","16","2"
"2025-04-07","19","1"
"2025-04-08","1","7183"
"2025-04-08","2","1631"
"2025-04-08","3","514"
"2025-04-08","4","225"
"2025-04-08","5","108"
"2025-04-08","6","60"
"2025-04-08","7","31"
"2025-04-08","8","36"
"2025-04-08","9","14"
"2025-04-08","10","10"
"2025-04-08","11","9"
"2025-04-08","12","3"
"2025-04-08","13","2"
"2025-04-08","14","5"
"2025-04-08","15","3"
"2025-04-08","18","1"
"2025-04-08","19","1"
"2025-04-09","1","6972"
"2025-04-09","2","1505"
"2025-04-09","3","497"
"2025-04-09","4","213"
"2025-04-09","5","117"
"2025-04-09","6","50"
"2025-04-09","7","27"
"2025-04-09","8","24"
"2025-04-09","9","15"
"2025-04-09","10","10"
"2025-04-09","11","10"
"2025-04-09","12","4"
"2025-04-09","14","1"
"2025-04-09","16","3"
"2025-04-09","17","3"
"2025-04-10","1","7116"
"2025-04-10","2","1569"
"2025-04-10","3","500"
"2025-04-10","4","181"
"2025-04-10","5","82"
"2025-04-10","6","38"
"2025-04-10","7","26"
"2025-04-10","8","12"
"2025-04-10","9","16"
"2025-04-10","10","3"
"2025-04-10","11","3"
"2025-04-10","12","2"
"2025-04-10","13","5"
"2025-04-10","14","2"
"2025-04-10","19","1"
"2025-04-11","1","6576"
"2025-04-11","2","1453"
"2025-04-11","3","428"
"2025-04-11","4","172"
"2025-04-11","5","104"
"2025-04-11","6","35"
"2025-04-11","7","30"
"2025-04-11","8","20"
"2025-04-11","9","6"
"2025-04-11","10","7"
"2025-04-11","11","1"
"2025-04-11","12","1"
"2025-04-11","13","3"
"2025-04-11","14","1"
"2025-04-11","15","1"
"2025-04-11","24","1"
"2025-04-12","1","6396"
"2025-04-12","2","1304"
"2025-04-12","3","382"
"2025-04-12","4","149"
"2025-04-12","5","53"
"2025-04-12","6","33"
"2025-04-12","7","23"
"2025-04-12","8","9"
"2025-04-12","9","5"
"2025-04-12","10","4"
"2025-04-12","11","4"
"2025-04-12","12","2"
"2025-04-12","13","1"
"2025-04-12","16","2"
"2025-04-13","1","6889"
"2025-04-13","2","1320"
"2025-04-13","3","366"
"2025-04-13","4","119"
"2025-04-13","5","61"
"2025-04-13","6","30"
"2025-04-13","7","14"
"2025-04-13","8","12"
"2025-04-13","9","6"
"2025-04-13","10","4"
"2025-04-13","11","4"
"2025-04-13","12","2"
"2025-04-13","13","1"
"2025-04-13","14","1"
"2025-04-13","15","1"
"2025-04-13","16","2"
"2025-04-13","17","1"
"2025-04-13","18","1"
"2025-04-14","1","7696"
"2025-04-14","2","1889"
"2025-04-14","3","714"
"2025-04-14","4","261"
"2025-04-14","5","136"
"2025-04-14","6","65"
"2025-04-14","7","39"
"2025-04-14","8","19"
"2025-04-14","9","13"
"2025-04-14","10","10"
"2025-04-14","11","6"
"2025-04-14","12","4"
"2025-04-14","13","1"
"2025-04-14","14","5"
"2025-04-14","15","4"
"2025-04-14","16","2"
"2025-04-14","18","1"
"2025-04-15","1","8909"
"2025-04-15","2","2588"
"2025-04-15","3","1085"
"2025-04-15","4","466"
"2025-04-15","5","193"
"2025-04-15","6","117"
"2025-04-15","7","72"
"2025-04-15","8","33"
"2025-04-15","9","16"
"2025-04-15","10","12"
"2025-04-15","11","6"
"2025-04-15","12","6"
"2025-04-15","13","5"
"2025-04-15","14","2"
"2025-04-15","15","2"
"2025-04-15","16","3"
"2025-04-15","17","1"
"2025-04-15","18","3"
"2025-04-16","1","8456"
"2025-04-16","2","1919"
"2025-04-16","3","621"
"2025-04-16","4","247"
"2025-04-16","5","112"
"2025-04-16","6","45"
"2025-04-16","7","36"
"2025-04-16","8","22"
"2025-04-16","9","16"
"2025-04-16","10","7"
"2025-04-16","11","10"
"2025-04-16","12","4"
"2025-04-16","13","5"
"2025-04-16","14","4"
"2025-04-16","15","2"
"2025-04-16","16","2"
"2025-04-16","20","1"
"2025-04-17","1","6945"
"2025-04-17","2","1535"
"2025-04-17","3","523"
"2025-04-17","4","187"
"2025-04-17","5","92"
"2025-04-17","6","43"
"2025-04-17","7","28"
"2025-04-17","8","17"
"2025-04-17","9","9"
"2025-04-17","10","7"
"2025-04-17","11","1"
"2025-04-17","12","3"
"2025-04-17","13","2"
"2025-04-17","14","1"
"2025-04-17","15","1"
"2025-04-17","16","1"
"2025-04-17","17","1"
"2025-04-17","20","1"
"2025-04-17","24","1"
"2025-04-18","1","6795"
"2025-04-18","2","1392"
"2025-04-18","3","445"
"2025-04-18","4","165"
"2025-04-18","5","87"
"2025-04-18","6","43"
"2025-04-18","7","19"
"2025-04-18","8","15"
"2025-04-18","9","10"
"2025-04-18","10","4"
"2025-04-18","11","4"
"2025-04-18","12","3"
"2025-04-18","16","1"
"2025-04-18","19","1"
"2025-04-19","1","6488"
"2025-04-19","2","1376"
"2025-04-19","3","397"
"2025-04-19","4","156"
"2025-04-19","5","62"
"2025-04-19","6","26"
"2025-04-19","7","16"
"2025-04-19","8","10"
"2025-04-19","9","7"
"2025-04-19","10","3"
"2025-04-19","11","1"
"2025-04-19","12","2"
"2025-04-19","13","2"
"2025-04-19","14","3"
"2025-04-19","15","3"
"2025-04-20","1","7061"
"2025-04-20","2","1369"
"2025-04-20","3","447"
"2025-04-20","4","157"
"2025-04-20","5","55"
"2025-04-20","6","27"
"2025-04-20","7","20"
"2025-04-20","8","18"
"2025-04-20","9","3"
"2025-04-20","10","2"
"2025-04-20","11","2"
"2025-04-20","12","3"
"2025-04-20","13","1"
"2025-04-20","15","3"
"2025-04-20","20","1"
"2025-04-20","27","1"
"2025-04-20","29","2"
"2025-04-20","66","1"
"2025-04-21","1","7719"
"2025-04-21","2","1646"
"2025-04-21","3","505"
"2025-04-21","4","208"
"2025-04-21","5","101"
"2025-04-21","6","48"
"2025-04-21","7","30"
"2025-04-21","8","20"
"2025-04-21","9","11"
"2025-04-21","10","6"
"2025-04-21","11","5"
"2025-04-21","12","4"
"2025-04-21","13","2"
"2025-04-21","14","2"
"2025-04-21","17","1"
"2025-04-22","1","7070"
"2025-04-22","2","1613"
"2025-04-22","3","548"
"2025-04-22","4","181"
"2025-04-22","5","93"
"2025-04-22","6","58"
"2025-04-22","7","43"
"2025-04-22","8","17"
"2025-04-22","9","14"
"2025-04-22","10","15"
"2025-04-22","11","5"
"2025-04-22","12","9"
"2025-04-22","13","1"
"2025-04-22","14","2"
"2025-04-22","15","3"
"2025-04-22","16","2"
"2025-04-22","17","1"
"2025-04-23","1","6779"
"2025-04-23","2","1553"
"2025-04-23","3","501"
"2025-04-23","4","189"
"2025-04-23","5","93"
"2025-04-23","6","49"
"2025-04-23","7","26"
"2025-04-23","8","21"
"2025-04-23","9","13"
"2025-04-23","10","8"
"2025-04-23","11","10"
"2025-04-23","12","3"
"2025-04-23","13","1"
"2025-04-23","14","1"
"2025-04-23","15","2"
"2025-04-23","24","1"
"2025-04-24","1","6797"
"2025-04-24","2","1671"
"2025-04-24","3","652"
"2025-04-24","4","236"
"2025-04-24","5","112"
"2025-04-24","6","62"
"2025-04-24","7","37"
"2025-04-24","8","19"
"2025-04-24","9","9"
"2025-04-24","10","3"
"2025-04-24","11","3"
"2025-04-24","12","4"
"2025-04-24","13","3"
"2025-04-24","15","2"
"2025-04-24","16","2"
"2025-04-24","18","1"
"2025-04-25","1","6582"
"2025-04-25","2","1480"
"2025-04-25","3","521"
"2025-04-25","4","208"
"2025-04-25","5","93"
"2025-04-25","6","64"
"2025-04-25","7","41"
"2025-04-25","8","14"
"2025-04-25","9","19"
"2025-04-25","10","10"
"2025-04-25","11","7"
"2025-04-25","12","3"
"2025-04-25","13","6"
"2025-04-25","14","3"
"2025-04-25","15","4"
"2025-04-25","16","4"
"2025-04-25","18","1"
"2025-04-26","1","6369"
"2025-04-26","2","1387"
"2025-04-26","3","422"
"2025-04-26","4","181"
"2025-04-26","5","95"
"2025-04-26","6","46"
"2025-04-26","7","36"
"2025-04-26","8","24"
"2025-04-26","9","8"
"2025-04-26","10","5"
"2025-04-26","11","5"
"2025-04-26","12","4"
"2025-04-26","13","4"
"2025-04-26","14","3"
"2025-04-26","16","4"
"2025-04-26","19","1"
"2025-04-26","24","1"
"2025-04-27","1","6785"
"2025-04-27","2","1440"
"2025-04-27","3","426"
"2025-04-27","4","176"
"2025-04-27","5","78"
"2025-04-27","6","43"
"2025-04-27","7","16"
"2025-04-27","8","15"
"2025-04-27","9","7"
"2025-04-27","10","8"
"2025-04-27","11","3"
"2025-04-27","12","3"
"2025-04-27","13","3"
"2025-04-27","14","1"
"2025-04-27","17","1"
"2025-04-27","19","1"
"2025-04-28","1","7536"
"2025-04-28","2","1684"
"2025-04-28","3","590"
"2025-04-28","4","226"
"2025-04-28","5","98"
"2025-04-28","6","44"
"2025-04-28","7","46"
"2025-04-28","8","20"
"2025-04-28","9","23"
"2025-04-28","10","6"
"2025-04-28","11","4"
"2025-04-28","12","8"
"2025-04-28","13","2"
"2025-04-28","14","2"
"2025-04-28","15","1"
"2025-04-28","16","1"
"2025-04-29","1","7112"
"2025-04-29","2","1667"
"2025-04-29","3","519"
"2025-04-29","4","247"
"2025-04-29","5","111"
"2025-04-29","6","39"
"2025-04-29","7","33"
"2025-04-29","8","19"
"2025-04-29","9","13"
"2025-04-29","10","8"
"2025-04-29","11","7"
"2025-04-29","12","6"
"2025-04-29","13","1"
"2025-04-29","14","3"
"2025-04-29","15","3"
"2025-04-29","16","1"
"2025-04-29","19","1"
"2025-04-29","37","1"
"2025-04-30","1","10729"
"2025-04-30","2","1937"
"2025-04-30","3","612"
"2025-04-30","4","247"
"2025-04-30","5","100"
"2025-04-30","6","73"
"2025-04-30","7","26"
"2025-04-30","8","20"
"2025-04-30","9","9"
"2025-04-30","10","4"
"2025-04-30","11","8"
"2025-04-30","12","3"
"2025-04-30","13","3"
"2025-04-30","14","5"
"2025-04-30","16","2"
"2025-04-30","19","1"
"2025-05-01","1","8692"
"2025-05-01","2","1692"
"2025-05-01","3","514"
"2025-05-01","4","173"
"2025-05-01","5","85"
"2025-05-01","6","40"
"2025-05-01","7","30"
"2025-05-01","8","11"
"2025-05-01","9","12"
"2025-05-01","10","6"
"2025-05-01","11","5"
"2025-05-01","12","2"
"2025-05-01","13","1"
"2025-05-01","14","1"
"2025-05-01","15","1"
"2025-05-01","16","1"
"2025-05-01","18","1"
"2025-05-01","19","1"
"2025-05-01","21","1"
"2025-05-01","33","1"
"2025-05-01","51","1"
"2025-05-02","1","8958"
"2025-05-02","2","1699"
"2025-05-02","3","534"
"2025-05-02","4","195"
"2025-05-02","5","89"
"2025-05-02","6","51"
"2025-05-02","7","20"
"2025-05-02","8","21"
"2025-05-02","9","16"
"2025-05-02","10","9"
"2025-05-02","11","7"
"2025-05-02","12","4"
"2025-05-02","13","1"
"2025-05-02","15","2"
"2025-05-02","16","2"
"2025-05-02","17","1"
"2025-05-02","18","1"
"2025-05-02","19","1"
"2025-05-03","1","8175"
"2025-05-03","2","1495"
"2025-05-03","3","464"
"2025-05-03","4","184"
"2025-05-03","5","76"
"2025-05-03","6","44"
"2025-05-03","7","31"
"2025-05-03","8","21"
"2025-05-03","9","7"
"2025-05-03","10","6"
"2025-05-03","12","4"
"2025-05-03","13","4"
"2025-05-03","14","2"
"2025-05-03","17","1"
"2025-05-03","43","1"
"2025-05-04","1","8214"
"2025-05-04","2","1593"
"2025-05-04","3","438"
"2025-05-04","4","157"
"2025-05-04","5","90"
"2025-05-04","6","55"
"2025-05-04","7","27"
"2025-05-04","8","9"
"2025-05-04","9","10"
"2025-05-04","10","3"
"2025-05-04","11","6"
"2025-05-04","12","2"
"2025-05-04","13","4"
"2025-05-04","14","1"
"2025-05-04","16","1"
"2025-05-05","1","8566"
"2025-05-05","2","1838"
"2025-05-05","3","560"
"2025-05-05","4","251"
"2025-05-05","5","127"
"2025-05-05","6","70"
"2025-05-05","7","39"
"2025-05-05","8","14"
"2025-05-05","9","9"
"2025-05-05","10","7"
"2025-05-05","11","11"
"2025-05-05","12","4"
"2025-05-05","13","4"
"2025-05-05","14","2"
"2025-05-05","15","2"
"2025-05-05","16","4"
"2025-05-05","17","1"
"2025-05-05","18","1"
"2025-05-05","35","1"
"2025-05-06","1","7756"
"2025-05-06","2","1680"
"2025-05-06","3","494"
"2025-05-06","4","180"
"2025-05-06","5","105"
"2025-05-06","6","48"
"2025-05-06","7","27"
"2025-05-06","8","17"
"2025-05-06","9","9"
"2025-05-06","10","5"
"2025-05-06","11","12"
"2025-05-06","12","5"
"2025-05-06","13","4"
"2025-05-06","14","1"
"2025-05-06","15","1"
"2025-05-06","16","1"
"2025-05-06","17","1"
"2025-05-07","1","6753"
"2025-05-07","2","1551"
"2025-05-07","3","416"
"2025-05-07","4","193"
"2025-05-07","5","105"
"2025-05-07","6","52"
"2025-05-07","7","38"
"2025-05-07","8","14"
"2025-05-07","9","16"
"2025-05-07","10","10"
"2025-05-07","11","4"
"2025-05-07","12","5"
"2025-05-07","13","3"
"2025-05-07","14","3"
"2025-05-07","15","2"
"2025-05-07","16","3"
"2025-05-07","17","1"
"2025-05-07","20","1"
"2025-05-07","22","1"
"2025-05-08","1","7004"
"2025-05-08","2","1337"
"2025-05-08","3","472"
"2025-05-08","4","177"
"2025-05-08","5","94"
"2025-05-08","6","50"
"2025-05-08","7","20"
"2025-05-08","8","26"
"2025-05-08","9","15"
"2025-05-08","10","8"
"2025-05-08","11","1"
"2025-05-08","12","2"
"2025-05-08","13","3"
"2025-05-08","14","2"
"2025-05-08","16","1"
"2025-05-09","1","6066"
"2025-05-09","2","1299"
"2025-05-09","3","403"
"2025-05-09","4","136"
"2025-05-09","5","54"
"2025-05-09","6","29"
"2025-05-09","7","17"
"2025-05-09","8","11"
"2025-05-09","9","6"
"2025-05-09","10","3"
"2025-05-09","11","5"
"2025-05-09","12","2"
"2025-05-09","13","3"
"2025-05-09","14","1"
"2025-05-09","16","2"
"2025-05-10","1","6468"
"2025-05-10","2","1316"
"2025-05-10","3","420"
"2025-05-10","4","158"
"2025-05-10","5","65"
"2025-05-10","6","35"
"2025-05-10","7","16"
"2025-05-10","8","15"
"2025-05-10","9","10"
"2025-05-10","10","1"
"2025-05-10","11","3"
"2025-05-10","12","3"
"2025-05-10","13","3"
"2025-05-10","15","1"
"2025-05-10","16","1"
"2025-05-10","18","1"
"2025-05-10","20","1"
"2025-05-10","22","1"
"2025-05-11","1","6226"
"2025-05-11","2","1275"
"2025-05-11","3","376"
"2025-05-11","4","153"
"2025-05-11","5","58"
"2025-05-11","6","27"
"2025-05-11","7","15"
"2025-05-11","8","8"
"2025-05-11","9","4"
"2025-05-11","10","2"
"2025-05-11","11","4"
"2025-05-11","12","2"
"2025-05-11","13","1"
"2025-05-11","15","4"
"2025-05-11","16","2"
"2025-05-12","1","7097"
"2025-05-12","2","1455"
"2025-05-12","3","498"
"2025-05-12","4","206"
"2025-05-12","5","94"
"2025-05-12","6","66"
"2025-05-12","7","34"
"2025-05-12","8","19"
"2025-05-12","9","21"
"2025-05-12","10","12"
"2025-05-12","11","6"
"2025-05-12","12","6"
"2025-05-12","13","5"
"2025-05-12","14","2"
"2025-05-12","15","3"
"2025-05-12","16","1"
"2025-05-13","1","6871"
"2025-05-13","2","1608"
"2025-05-13","3","518"
"2025-05-13","4","207"
"2025-05-13","5","94"
"2025-05-13","6","54"
"2025-05-13","7","44"
"2025-05-13","8","20"
"2025-05-13","9","14"
"2025-05-13","10","10"
"2025-05-13","11","8"
"2025-05-13","12","6"
"2025-05-13","13","2"
"2025-05-13","14","1"
"2025-05-13","16","3"
"2025-05-13","18","1"
"2025-05-14","1","7040"
"2025-05-14","2","1637"
"2025-05-14","3","465"
"2025-05-14","4","211"
"2025-05-14","5","101"
"2025-05-14","6","47"
"2025-05-14","7","26"
"2025-05-14","8","19"
"2025-05-14","9","10"
"2025-05-14","10","7"
"2025-05-14","11","6"
"2025-05-14","12","6"
"2025-05-14","13","1"
"2025-05-14","14","2"
"2025-05-14","15","1"
"2025-05-14","16","1"
"2025-05-14","17","3"
"2025-05-14","18","1"
"2025-05-15","1","6752"
"2025-05-15","2","1505"
"2025-05-15","3","514"
"2025-05-15","4","192"
"2025-05-15","5","97"
"2025-05-15","6","47"
"2025-05-15","7","32"
"2025-05-15","8","18"
"2025-05-15","9","10"
"2025-05-15","10","5"
"2025-05-15","11","4"
"2025-05-15","12","1"
"2025-05-15","13","1"
"2025-05-15","14","1"
"2025-05-15","15","1"
"2025-05-15","16","3"
"2025-05-15","17","2"
"2025-05-16","1","6581"
"2025-05-16","2","1441"
"2025-05-16","3","422"
"2025-05-16","4","167"
"2025-05-16","5","73"
"2025-05-16","6","28"
"2025-05-16","7","20"
"2025-05-16","8","13"
"2025-05-16","9","17"
"2025-05-16","10","4"
"2025-05-16","11","3"
"2025-05-16","12","5"
"2025-05-16","13","3"
"2025-05-16","14","1"
"2025-05-16","15","1"
"2025-05-16","18","1"
"2025-05-17","1","5657"
"2025-05-17","2","1109"
"2025-05-17","3","305"
"2025-05-17","4","124"
"2025-05-17","5","55"
"2025-05-17","6","23"
"2025-05-17","7","7"
"2025-05-17","8","7"
"2025-05-17","9","11"
"2025-05-17","10","3"
"2025-05-17","11","3"
"2025-05-17","12","3"
"2025-05-17","13","3"
"2025-05-17","15","1"
"2025-05-18","1","6575"
"2025-05-18","2","1385"
"2025-05-18","3","396"
"2025-05-18","4","135"
"2025-05-18","5","55"
"2025-05-18","6","32"
"2025-05-18","7","24"
"2025-05-18","8","11"
"2025-05-18","9","5"
"2025-05-18","10","5"
"2025-05-18","11","1"
"2025-05-18","12","1"
"2025-05-18","14","1"
"2025-05-18","16","2"
"2025-05-19","1","7599"
"2025-05-19","2","1663"
"2025-05-19","3","541"
"2025-05-19","4","213"
"2025-05-19","5","75"
"2025-05-19","6","40"
"2025-05-19","7","20"
"2025-05-19","8","13"
"2025-05-19","9","11"
"2025-05-19","10","7"
"2025-05-19","11","7"
"2025-05-19","12","1"
"2025-05-19","13","3"
"2025-05-19","15","2"
"2025-05-19","16","2"
"2025-05-20","1","7278"
"2025-05-20","2","1553"
"2025-05-20","3","505"
"2025-05-20","4","197"
"2025-05-20","5","104"
"2025-05-20","6","40"
"2025-05-20","7","37"
"2025-05-20","8","24"
"2025-05-20","9","15"
"2025-05-20","10","8"
"2025-05-20","11","4"
"2025-05-20","12","2"
"2025-05-20","13","7"
"2025-05-20","14","2"
"2025-05-20","15","1"
"2025-05-20","16","4"
"2025-05-20","18","1"
"2025-05-20","21","1"
"2025-05-21","1","6957"
"2025-05-21","2","1518"
"2025-05-21","3","469"
"2025-05-21","4","199"
"2025-05-21","5","105"
"2025-05-21","6","42"
"2025-05-21","7","28"
"2025-05-21","8","19"
"2025-05-21","9","16"
"2025-05-21","10","9"
"2025-05-21","11","5"
"2025-05-21","12","4"
"2025-05-21","13","2"
"2025-05-21","14","3"
"2025-05-21","15","4"
"2025-05-21","17","1"
"2025-05-21","24","1"
"2025-05-22","1","6650"
"2025-05-22","2","1431"
"2025-05-22","3","452"
"2025-05-22","4","171"
"2025-05-22","5","112"
"2025-05-22","6","47"
"2025-05-22","7","30"
"2025-05-22","8","16"
"2025-05-22","9","7"
"2025-05-22","10","5"
"2025-05-22","11","8"
"2025-05-22","12","5"
"2025-05-22","13","3"
"2025-05-22","14","1"
"2025-05-22","15","2"
"2025-05-22","21","1"
"2025-05-23","1","6653"
"2025-05-23","2","1376"
"2025-05-23","3","409"
"2025-05-23","4","162"
"2025-05-23","5","68"
"2025-05-23","6","47"
"2025-05-23","7","24"
"2025-05-23","8","14"
"2025-05-23","9","12"
"2025-05-23","10","11"
"2025-05-23","11","5"
"2025-05-23","12","4"
"2025-05-23","13","3"
"2025-05-23","15","2"
"2025-05-23","16","2"
"2025-05-24","1","7146"
"2025-05-24","2","1489"
"2025-05-24","3","479"
"2025-05-24","4","170"
"2025-05-24","5","92"
"2025-05-24","6","45"
"2025-05-24","7","30"
"2025-05-24","8","21"
"2025-05-24","9","8"
"2025-05-24","10","2"
"2025-05-24","11","9"
"2025-05-24","12","4"
"2025-05-24","13","2"
"2025-05-24","14","3"
"2025-05-24","15","2"
"2025-05-24","16","5"
"2025-05-24","17","1"
"2025-05-24","18","1"
"2025-05-24","19","1"
"2025-05-25","1","8326"
"2025-05-25","2","1707"
"2025-05-25","3","492"
"2025-05-25","4","200"
"2025-05-25","5","90"
"2025-05-25","6","56"
"2025-05-25","7","31"
"2025-05-25","8","24"
"2025-05-25","9","15"
"2025-05-25","10","5"
"2025-05-25","11","4"
"2025-05-25","12","3"
"2025-05-25","13","6"
"2025-05-25","14","5"
"2025-05-25","15","1"
"2025-05-25","16","2"
"2025-05-25","18","1"
"2025-05-26","1","9592"
"2025-05-26","2","2200"
"2025-05-26","3","700"
"2025-05-26","4","272"
"2025-05-26","5","133"
"2025-05-26","6","75"
"2025-05-26","7","43"
"2025-05-26","8","28"
"2025-05-26","9","15"
"2025-05-26","10","14"
"2025-05-26","11","5"
"2025-05-26","12","7"
"2025-05-26","13","4"
"2025-05-26","14","3"
"2025-05-26","15","1"
"2025-05-26","16","2"
"2025-05-26","17","1"
"2025-05-26","18","1"
"2025-05-26","19","2"
"2025-05-26","20","1"
"2025-05-26","22","1"
"2025-05-27","1","7528"
"2025-05-27","2","1667"
"2025-05-27","3","565"
"2025-05-27","4","283"
"2025-05-27","5","125"
"2025-05-27","6","87"
"2025-05-27","7","47"
"2025-05-27","8","23"
"2025-05-27","9","24"
"2025-05-27","10","17"
"2025-05-27","11","5"
"2025-05-27","12","8"
"2025-05-27","13","6"
"2025-05-27","14","2"
"2025-05-27","15","6"
"2025-05-27","16","3"
"2025-05-27","17","1"
"2025-05-27","18","1"
"2025-05-28","1","6760"
"2025-05-28","2","1582"
"2025-05-28","3","501"
"2025-05-28","4","238"
"2025-05-28","5","126"
"2025-05-28","6","71"
"2025-05-28","7","38"
"2025-05-28","8","29"
"2025-05-28","9","15"
"2025-05-28","10","15"
"2025-05-28","11","8"
"2025-05-28","12","3"
"2025-05-28","13","5"
"2025-05-28","14","4"
"2025-05-28","15","3"
"2025-05-28","16","1"
"2025-05-28","18","1"
"2025-05-28","20","1"
"2025-05-28","22","1"
"2025-05-29","1","6506"
"2025-05-29","2","1492"
"2025-05-29","3","507"
"2025-05-29","4","200"
"2025-05-29","5","85"
"2025-05-29","6","67"
"2025-05-29","7","33"
"2025-05-29","8","21"
"2025-05-29","9","11"
"2025-05-29","10","7"
"2025-05-29","11","4"
"2025-05-29","12","8"
"2025-05-29","13","4"
"2025-05-29","14","1"
"2025-05-29","15","2"
"2025-05-29","20","2"
"2025-05-30","1","6294"
"2025-05-30","2","1423"
"2025-05-30","3","506"
"2025-05-30","4","195"
"2025-05-30","5","87"
"2025-05-30","6","57"
"2025-05-30","7","25"
"2025-05-30","8","21"
"2025-05-30","9","10"
"2025-05-30","10","5"
"2025-05-30","11","3"
"2025-05-30","12","6"
"2025-05-30","13","1"
"2025-05-30","14","1"
"2025-05-30","15","4"
"2025-05-30","16","4"
"2025-05-30","17","1"
"2025-05-30","18","1"
"2025-05-31","1","6042"
"2025-05-31","2","1368"
"2025-05-31","3","489"
"2025-05-31","4","188"
"2025-05-31","5","73"
"2025-05-31","6","42"
"2025-05-31","7","28"
"2025-05-31","8","15"
"2025-05-31","9","9"
"2025-05-31","10","4"
"2025-05-31","11","4"
"2025-05-31","12","2"
"2025-05-31","13","2"
"2025-05-31","15","3"
"2025-06-01","1","6223"
"2025-06-01","2","1219"
"2025-06-01","3","365"
"2025-06-01","4","157"
"2025-06-01","5","61"
"2025-06-01","6","35"
"2025-06-01","7","19"
"2025-06-01","8","20"
"2025-06-01","9","5"
"2025-06-01","10","3"
"2025-06-01","11","2"
"2025-06-01","13","1"
"2025-06-01","15","1"
"2025-06-01","17","2"
"2025-06-01","22","1"
"2025-06-02","1","7394"
"2025-06-02","2","1546"
"2025-06-02","3","477"
"2025-06-02","4","203"
"2025-06-02","5","89"
"2025-06-02","6","49"
"2025-06-02","7","32"
"2025-06-02","8","23"
"2025-06-02","9","10"
"2025-06-02","10","5"
"2025-06-02","11","3"
"2025-06-02","12","7"
"2025-06-02","13","1"
"2025-06-02","14","3"
"2025-06-02","15","1"
"2025-06-02","16","1"
"2025-06-02","23","1"
"2025-06-03","1","7135"
"2025-06-03","2","1559"
"2025-06-03","3","422"
"2025-06-03","4","177"
"2025-06-03","5","84"
"2025-06-03","6","41"
"2025-06-03","7","36"
"2025-06-03","8","22"
"2025-06-03","9","7"
"2025-06-03","10","12"
"2025-06-03","11","6"
"2025-06-03","12","2"
"2025-06-03","16","3"
"2025-06-03","17","1"
"2025-06-03","22","1"
"2025-06-04","1","9224"
"2025-06-04","2","1819"
"2025-06-04","3","553"
"2025-06-04","4","230"
"2025-06-04","5","108"
"2025-06-04","6","44"
"2025-06-04","7","24"
"2025-06-04","8","16"
"2025-06-04","9","12"
"2025-06-04","10","7"
"2025-06-04","12","2"
"2025-06-04","13","2"
"2025-06-04","14","1"
"2025-06-04","15","2"
"2025-06-04","16","2"
"2025-06-04","17","1"
"2025-06-04","22","1"
"2025-06-05","1","7124"
"2025-06-05","2","1515"
"2025-06-05","3","453"
"2025-06-05","4","190"
"2025-06-05","5","73"
"2025-06-05","6","62"
"2025-06-05","7","18"
"2025-06-05","8","18"
"2025-06-05","9","8"
"2025-06-05","10","3"
"2025-06-05","11","5"
"2025-06-05","12","3"
"2025-06-05","13","1"
"2025-06-05","15","1"
"2025-06-05","16","2"
"2025-06-05","17","1"
"2025-06-05","20","1"
"2025-06-06","1","6548"
"2025-06-06","2","1406"
"2025-06-06","3","435"
"2025-06-06","4","171"
"2025-06-06","5","59"
"2025-06-06","6","41"
"2025-06-06","7","27"
"2025-06-06","8","12"
"2025-06-06","9","7"
"2025-06-06","10","6"
"2025-06-06","11","5"
"2025-06-06","14","3"
"2025-06-06","17","1"
"2025-06-06","18","1"
"2025-06-07","1","6229"
"2025-06-07","2","1291"
"2025-06-07","3","384"
"2025-06-07","4","167"
"2025-06-07","5","74"
"2025-06-07","6","33"
"2025-06-07","7","26"
"2025-06-07","8","7"
"2025-06-07","9","9"
"2025-06-07","10","1"
"2025-06-07","11","3"
"2025-06-07","12","3"
"2025-06-07","13","2"
"2025-06-07","14","3"
"2025-06-07","15","1"
"2025-06-07","16","4"
"2025-06-07","17","1"
"2025-06-08","1","6358"
"2025-06-08","2","1319"
"2025-06-08","3","421"
"2025-06-08","4","169"
"2025-06-08","5","65"
"2025-06-08","6","26"
"2025-06-08","7","18"
"2025-06-08","8","11"
"2025-06-08","9","8"
"2025-06-08","10","7"
"2025-06-08","11","3"
"2025-06-08","12","1"
"2025-06-08","13","1"
"2025-06-08","14","2"
"2025-06-08","16","2"
"2025-06-08","17","1"
"2025-06-09","1","6715"
"2025-06-09","2","1559"
"2025-06-09","3","502"
"2025-06-09","4","183"
"2025-06-09","5","92"
"2025-06-09","6","48"
"2025-06-09","7","28"
"2025-06-09","8","13"
"2025-06-09","9","18"
"2025-06-09","10","11"
"2025-06-09","11","4"
"2025-06-09","12","4"
"2025-06-09","13","2"
"2025-06-09","14","2"
"2025-06-09","15","2"
"2025-06-09","16","2"
"2025-06-09","17","1"
"2025-06-09","20","1"
"2025-06-10","1","6623"
"2025-06-10","2","1462"
"2025-06-10","3","502"
"2025-06-10","4","184"
"2025-06-10","5","105"
"2025-06-10","6","57"
"2025-06-10","7","31"
"2025-06-10","8","15"
"2025-06-10","9","17"
"2025-06-10","10","8"
"2025-06-10","11","4"
"2025-06-10","12","4"
"2025-06-10","13","1"
"2025-06-10","14","1"
"2025-06-10","16","3"
"2025-06-10","18","1"
"2025-06-10","19","1"
"2025-06-11","1","6320"
"2025-06-11","2","1483"
"2025-06-11","3","473"
"2025-06-11","4","198"
"2025-06-11","5","80"
"2025-06-11","6","52"
"2025-06-11","7","26"
"2025-06-11","8","15"
"2025-06-11","9","11"
"2025-06-11","10","9"
"2025-06-11","11","8"
"2025-06-11","12","4"
"2025-06-11","13","5"
"2025-06-11","14","3"
"2025-06-11","15","2"
"2025-06-11","16","1"
"2025-06-12","1","5971"
"2025-06-12","2","1328"
"2025-06-12","3","413"
"2025-06-12","4","159"
"2025-06-12","5","86"
"2025-06-12","6","42"
"2025-06-12","7","22"
"2025-06-12","8","24"
"2025-06-12","9","10"
"2025-06-12","10","12"
"2025-06-12","11","5"
"2025-06-12","12","4"
"2025-06-12","13","3"
"2025-06-12","14","4"
"2025-06-12","16","3"
"2025-06-12","17","2"
"2025-06-13","1","5521"
"2025-06-13","2","1260"
"2025-06-13","3","422"
"2025-06-13","4","176"
"2025-06-13","5","79"
"2025-06-13","6","51"
"2025-06-13","7","22"
"2025-06-13","8","25"
"2025-06-13","9","6"
"2025-06-13","10","2"
"2025-06-13","11","6"
"2025-06-13","12","4"
"2025-06-13","13","4"
"2025-06-13","14","1"
"2025-06-13","16","1"
"2025-06-13","17","2"
"2025-06-14","1","5750"
"2025-06-14","2","1259"
"2025-06-14","3","386"
"2025-06-14","4","144"
"2025-06-14","5","65"
"2025-06-14","6","42"
"2025-06-14","7","19"
"2025-06-14","8","12"
"2025-06-14","9","6"
"2025-06-14","10","1"
"2025-06-14","12","5"
"2025-06-14","13","1"
"2025-06-14","14","1"
"2025-06-14","15","2"
"2025-06-14","16","1"
"2025-06-14","18","1"
"2025-06-15","1","6360"
"2025-06-15","2","1378"
"2025-06-15","3","441"
"2025-06-15","4","159"
"2025-06-15","5","91"
"2025-06-15","6","44"
"2025-06-15","7","30"
"2025-06-15","8","13"
"2025-06-15","9","5"
"2025-06-15","10","4"
"2025-06-15","11","2"
"2025-06-15","12","1"
"2025-06-15","13","2"
"2025-06-15","14","1"
"2025-06-15","15","2"
"2025-06-15","16","1"
"2025-06-15","17","1"
"2025-06-15","18","1"
"2025-06-16","1","6566"
"2025-06-16","2","1475"
"2025-06-16","3","453"
"2025-06-16","4","169"
"2025-06-16","5","79"
"2025-06-16","6","45"
"2025-06-16","7","37"
"2025-06-16","8","11"
"2025-06-16","9","13"
"2025-06-16","10","7"
"2025-06-16","11","5"
"2025-06-16","13","2"
"2025-06-16","14","1"
"2025-06-16","15","1"
"2025-06-16","16","3"
"2025-06-17","1","6479"
"2025-06-17","2","1544"
"2025-06-17","3","511"
"2025-06-17","4","196"
"2025-06-17","5","105"
"2025-06-17","6","49"
"2025-06-17","7","35"
"2025-06-17","8","22"
"2025-06-17","9","10"
"2025-06-17","10","6"
"2025-06-17","11","7"
"2025-06-17","12","5"
"2025-06-17","13","6"
"2025-06-17","14","3"
"2025-06-17","16","1"
"2025-06-18","1","6505"
"2025-06-18","2","1416"
"2025-06-18","3","476"
"2025-06-18","4","177"
"2025-06-18","5","92"
"2025-06-18","6","44"
"2025-06-18","7","19"
"2025-06-18","8","11"
"2025-06-18","9","5"
"2025-06-18","10","7"
"2025-06-18","11","2"
"2025-06-18","12","3"
"2025-06-18","13","2"
"2025-06-18","14","1"
"2025-06-18","15","3"
"2025-06-18","16","1"
"2025-06-19","1","6227"
"2025-06-19","2","1297"
"2025-06-19","3","413"
"2025-06-19","4","170"
"2025-06-19","5","78"
"2025-06-19","6","40"
"2025-06-19","7","20"
"2025-06-19","8","12"
"2025-06-19","9","15"
"2025-06-19","10","7"
"2025-06-19","11","5"
"2025-06-19","12","3"
"2025-06-19","13","3"
"2025-06-19","14","1"
"2025-06-19","15","1"
"2025-06-19","16","4"
"2025-06-19","18","1"
"2025-06-20","1","5949"
"2025-06-20","2","1254"
"2025-06-20","3","390"
"2025-06-20","4","161"
"2025-06-20","5","70"
"2025-06-20","6","47"
"2025-06-20","7","18"
"2025-06-20","8","11"
"2025-06-20","9","10"
"2025-06-20","10","3"
"2025-06-20","11","2"
"2025-06-20","12","2"
"2025-06-20","13","3"
"2025-06-20","14","2"
"2025-06-20","15","2"
"2025-06-20","19","1"
"2025-06-21","1","5702"
"2025-06-21","2","1219"
"2025-06-21","3","334"
"2025-06-21","4","132"
"2025-06-21","5","63"
"2025-06-21","6","42"
"2025-06-21","7","10"
"2025-06-21","8","7"
"2025-06-21","9","5"
"2025-06-21","10","3"
"2025-06-21","12","4"
"2025-06-21","13","1"
"2025-06-21","15","1"
"2025-06-21","19","1"
"2025-06-22","1","6066"
"2025-06-22","2","1262"
"2025-06-22","3","336"
"2025-06-22","4","123"
"2025-06-22","5","67"
"2025-06-22","6","39"
"2025-06-22","7","23"
"2025-06-22","8","10"
"2025-06-22","9","5"
"2025-06-22","10","6"
"2025-06-22","11","2"
"2025-06-22","12","1"
"2025-06-22","13","3"
"2025-06-22","14","2"
"2025-06-22","16","2"
"2025-06-22","18","1"
"2025-06-23","1","6921"
"2025-06-23","2","1459"
"2025-06-23","3","484"
"2025-06-23","4","189"
"2025-06-23","5","87"
"2025-06-23","6","36"
"2025-06-23","7","32"
"2025-06-23","8","16"
"2025-06-23","9","13"
"2025-06-23","10","5"
"2025-06-23","11","4"
"2025-06-23","12","3"
"2025-06-23","16","4"
"2025-06-23","17","2"
"2025-06-23","19","1"
"2025-06-23","20","1"
"2025-06-24","1","6826"
"2025-06-24","2","1422"
"2025-06-24","3","440"
"2025-06-24","4","170"
"2025-06-24","5","86"
"2025-06-24","6","36"
"2025-06-24","7","26"
"2025-06-24","8","9"
"2025-06-24","9","6"
"2025-06-24","10","10"
"2025-06-24","11","4"
"2025-06-24","12","4"
"2025-06-24","14","1"
"2025-06-24","15","2"
"2025-06-24","16","1"
"2025-06-24","22","2"
"2025-06-24","26","1"
"2025-06-25","1","6308"
"2025-06-25","2","1361"
"2025-06-25","3","455"
"2025-06-25","4","175"
"2025-06-25","5","121"
"2025-06-25","6","52"
"2025-06-25","7","42"
"2025-06-25","8","28"
"2025-06-25","9","22"
"2025-06-25","10","15"
"2025-06-25","11","7"
"2025-06-25","12","5"
"2025-06-25","13","6"
"2025-06-25","14","2"
"2025-06-25","15","1"
"2025-06-25","16","4"
"2025-06-25","18","1"
"2025-06-25","22","1"
"2025-06-25","24","1"
"2025-06-26","1","6344"
"2025-06-26","2","1311"
"2025-06-26","3","475"
"2025-06-26","4","202"
"2025-06-26","5","69"
"2025-06-26","6","51"
"2025-06-26","7","26"
"2025-06-26","8","24"
"2025-06-26","9","11"
"2025-06-26","10","13"
"2025-06-26","11","2"
"2025-06-26","12","4"
"2025-06-26","13","2"
"2025-06-26","14","3"
"2025-06-26","15","2"
"2025-06-26","16","4"
"2025-06-26","18","1"
"2025-06-27","1","5737"
"2025-06-27","2","1227"
"2025-06-27","3","396"
"2025-06-27","4","176"
"2025-06-27","5","86"
"2025-06-27","6","40"
"2025-06-27","7","28"
"2025-06-27","8","20"
"2025-06-27","9","16"
"2025-06-27","10","6"
"2025-06-27","11","6"
"2025-06-27","12","3"
"2025-06-27","13","4"
"2025-06-27","14","3"
"2025-06-27","19","1"
"2025-06-28","1","5247"
"2025-06-28","2","1091"
"2025-06-28","3","359"
"2025-06-28","4","138"
"2025-06-28","5","75"
"2025-06-28","6","37"
"2025-06-28","7","24"
"2025-06-28","8","11"
"2025-06-28","9","8"
"2025-06-28","10","4"
"2025-06-28","11","3"
"2025-06-28","12","3"
"2025-06-28","13","2"
"2025-06-28","14","2"
"2025-06-28","15","2"
"2025-06-29","1","5688"
"2025-06-29","2","1197"
"2025-06-29","3","378"
"2025-06-29","4","130"
"2025-06-29","5","77"
"2025-06-29","6","35"
"2025-06-29","7","22"
"2025-06-29","8","19"
"2025-06-29","9","7"
"2025-06-29","10","2"
"2025-06-29","11","4"
"2025-06-29","12","2"
"2025-06-29","13","1"
"2025-06-29","14","1"
"2025-06-29","15","1"
"2025-06-30","1","6571"
"2025-06-30","2","1472"
"2025-06-30","3","491"
"2025-06-30","4","214"
"2025-06-30","5","89"
"2025-06-30","6","47"
"2025-06-30","7","27"
"2025-06-30","8","14"
"2025-06-30","9","13"
"2025-06-30","10","7"
"2025-06-30","11","6"
"2025-06-30","12","3"
"2025-06-30","13","4"
"2025-06-30","14","1"
"2025-06-30","16","2"
"2025-07-01","1","6661"
"2025-07-01","2","1441"
"2025-07-01","3","468"
"2025-07-01","4","205"
"2025-07-01","5","121"
"2025-07-01","6","57"
"2025-07-01","7","32"
"2025-07-01","8","31"
"2025-07-01","9","13"
"2025-07-01","10","8"
"2025-07-01","11","8"
"2025-07-01","12","6"
"2025-07-01","13","2"
"2025-07-01","15","6"
"2025-07-01","16","2"
"2025-07-01","17","2"
"2025-07-01","19","1"
"2025-07-01","20","2"
"2025-07-02","1","6461"
"2025-07-02","2","1405"
"2025-07-02","3","455"
"2025-07-02","4","165"
"2025-07-02","5","108"
"2025-07-02","6","48"
"2025-07-02","7","33"
"2025-07-02","8","18"
"2025-07-02","9","5"
"2025-07-02","10","8"
"2025-07-02","11","7"
"2025-07-02","12","5"
"2025-07-02","14","2"
"2025-07-02","15","3"
"2025-07-02","19","1"
"2025-07-03","1","6272"
"2025-07-03","2","1322"
"2025-07-03","3","412"
"2025-07-03","4","165"
"2025-07-03","5","74"
"2025-07-03","6","45"
"2025-07-03","7","30"
"2025-07-03","8","13"
"2025-07-03","9","13"
"2025-07-03","10","7"
"2025-07-03","11","9"
"2025-07-03","12","4"
"2025-07-03","13","3"
"2025-07-03","16","2"
"2025-07-03","25","1"
"2025-07-04","1","6074"
"2025-07-04","2","1254"
"2025-07-04","3","413"
"2025-07-04","4","167"
"2025-07-04","5","62"
"2025-07-04","6","56"
"2025-07-04","7","26"
"2025-07-04","8","13"
"2025-07-04","9","8"
"2025-07-04","10","5"
"2025-07-04","11","8"
"2025-07-04","12","2"
"2025-07-04","13","2"
"2025-07-04","14","2"
"2025-07-04","15","1"
"2025-07-04","16","1"
"2025-07-04","17","1"
"2025-07-05","1","5680"
"2025-07-05","2","1262"
"2025-07-05","3","334"
"2025-07-05","4","140"
"2025-07-05","5","59"
"2025-07-05","6","39"
"2025-07-05","7","11"
"2025-07-05","8","8"
"2025-07-05","9","1"
"2025-07-05","10","1"
"2025-07-05","11","3"
"2025-07-05","13","1"
"2025-07-05","15","1"
"2025-07-05","16","1"
"2025-07-05","18","1"
"2025-07-06","1","5957"
"2025-07-06","2","1182"
"2025-07-06","3","359"
"2025-07-06","4","116"
"2025-07-06","5","62"
"2025-07-06","6","28"
"2025-07-06","7","21"
"2025-07-06","8","7"
"2025-07-06","9","2"
"2025-07-06","10","3"
"2025-07-06","11","1"
"2025-07-06","12","2"
"2025-07-07","1","6569"
"2025-07-07","2","1401"
"2025-07-07","3","478"
"2025-07-07","4","189"
"2025-07-07","5","74"
"2025-07-07","6","45"
"2025-07-07","7","35"
"2025-07-07","8","19"
"2025-07-07","9","10"
"2025-07-07","10","12"
"2025-07-07","11","6"
"2025-07-07","12","2"
"2025-07-07","13","1"
"2025-07-07","14","1"
"2025-07-07","15","1"
"2025-07-07","16","1"
"2025-07-07","22","1"
"2025-07-08","1","6401"
"2025-07-08","2","1382"
"2025-07-08","3","429"
"2025-07-08","4","177"
"2025-07-08","5","80"
"2025-07-08","6","38"
"2025-07-08","7","29"
"2025-07-08","8","28"
"2025-07-08","9","17"
"2025-07-08","10","7"
"2025-07-08","11","5"
"2025-07-08","12","5"
"2025-07-08","13","4"
"2025-07-08","14","8"
"2025-07-08","15","2"
"2025-07-08","16","4"
"2025-07-08","17","2"
"2025-07-08","18","1"
"2025-07-08","20","1"
"2025-07-08","21","1"
"2025-07-08","26","1"
"2025-07-09","1","6234"
"2025-07-09","2","1408"
"2025-07-09","3","418"
"2025-07-09","4","186"
"2025-07-09","5","86"
"2025-07-09","6","38"
"2025-07-09","7","12"
"2025-07-09","8","15"
"2025-07-09","9","6"
"2025-07-09","10","11"
"2025-07-09","11","4"
"2025-07-09","12","5"
"2025-07-09","13","3"
"2025-07-09","14","3"
"2025-07-09","15","1"
"2025-07-09","16","3"
"2025-07-09","17","1"
"2025-07-09","18","1"
"2025-07-09","22","1"
"2025-07-09","23","1"
"2025-07-10","1","6014"
"2025-07-10","2","1264"
"2025-07-10","3","389"
"2025-07-10","4","186"
"2025-07-10","5","72"
"2025-07-10","6","37"
"2025-07-10","7","29"
"2025-07-10","8","10"
"2025-07-10","9","11"
"2025-07-10","10","3"
"2025-07-10","11","6"
"2025-07-10","12","2"
"2025-07-10","13","3"
"2025-07-10","14","1"
"2025-07-10","15","1"
"2025-07-10","16","3"
"2025-07-10","17","1"
"2025-07-11","1","5934"
"2025-07-11","2","1233"
"2025-07-11","3","377"
"2025-07-11","4","164"
"2025-07-11","5","65"
"2025-07-11","6","37"
"2025-07-11","7","14"
"2025-07-11","8","8"
"2025-07-11","9","7"
"2025-07-11","10","12"
"2025-07-11","11","1"
"2025-07-11","12","7"
"2025-07-11","13","4"
"2025-07-11","14","2"
"2025-07-11","15","1"
"2025-07-11","22","1"
"2025-07-12","1","5192"
"2025-07-12","2","1185"
"2025-07-12","3","358"
"2025-07-12","4","128"
"2025-07-12","5","67"
"2025-07-12","6","50"
"2025-07-12","7","22"
"2025-07-12","8","14"
"2025-07-12","9","6"
"2025-07-12","10","4"
"2025-07-12","11","3"
"2025-07-12","12","2"
"2025-07-12","13","2"
"2025-07-12","14","1"
"2025-07-12","18","1"
"2025-07-13","1","5779"
"2025-07-13","2","1216"
"2025-07-13","3","338"
"2025-07-13","4","162"
"2025-07-13","5","62"
"2025-07-13","6","40"
"2025-07-13","7","20"
"2025-07-13","8","13"
"2025-07-13","9","13"
"2025-07-13","10","5"
"2025-07-13","11","9"
"2025-07-13","12","4"
"2025-07-13","13","2"
"2025-07-13","14","2"
"2025-07-13","15","1"
"2025-07-13","16","3"
"2025-07-13","18","2"
"2025-07-13","19","2"
"2025-07-14","1","6227"
"2025-07-14","2","1430"
"2025-07-14","3","440"
"2025-07-14","4","197"
"2025-07-14","5","106"
"2025-07-14","6","66"
"2025-07-14","7","35"
"2025-07-14","8","28"
"2025-07-14","9","14"
"2025-07-14","10","4"
"2025-07-14","11","10"
"2025-07-14","12","9"
"2025-07-14","13","10"
"2025-07-14","14","4"
"2025-07-14","15","2"
"2025-07-14","16","2"
"2025-07-14","17","1"
"2025-07-14","20","1"
"2025-07-15","1","6356"
"2025-07-15","2","1377"
"2025-07-15","3","471"
"2025-07-15","4","197"
"2025-07-15","5","110"
"2025-07-15","6","58"
"2025-07-15","7","33"
"2025-07-15","8","26"
"2025-07-15","9","12"
"2025-07-15","10","13"
"2025-07-15","11","4"
"2025-07-15","12","5"
"2025-07-15","13","4"
"2025-07-15","14","2"
"2025-07-15","15","2"
"2025-07-15","16","2"
"2025-07-15","18","1"
"2025-07-15","19","1"
"2025-07-15","20","1"
"2025-07-16","1","6675"
"2025-07-16","2","1413"
"2025-07-16","3","458"
"2025-07-16","4","188"
"2025-07-16","5","96"
"2025-07-16","6","36"
"2025-07-16","7","33"
"2025-07-16","8","17"
"2025-07-16","9","5"
"2025-07-16","10","6"
"2025-07-16","11","6"
"2025-07-16","12","6"
"2025-07-16","13","3"
"2025-07-16","14","1"
"2025-07-16","15","1"
"2025-07-16","16","1"
"2025-07-16","17","1"
"2025-07-17","1","5868"
"2025-07-17","2","1297"
"2025-07-17","3","433"
"2025-07-17","4","165"
"2025-07-17","5","61"
"2025-07-17","6","34"
"2025-07-17","7","28"
"2025-07-17","8","13"
"2025-07-17","9","18"
"2025-07-17","10","5"
"2025-07-17","11","9"
"2025-07-17","12","3"
"2025-07-17","13","8"
"2025-07-17","15","1"
"2025-07-17","16","3"
"2025-07-17","18","2"
"2025-07-17","21","1"
"2025-07-18","1","4763"
"2025-07-18","2","1490"
"2025-07-18","3","522"
"2025-07-18","4","225"
"2025-07-18","5","87"
"2025-07-18","6","48"
"2025-07-18","7","29"
"2025-07-18","8","18"
"2025-07-18","9","10"
"2025-07-18","10","7"
"2025-07-18","11","4"
"2025-07-18","12","4"
"2025-07-18","15","3"
"2025-07-18","16","2"
"2025-07-19","1","4917"
"2025-07-19","2","1048"
"2025-07-19","3","297"
"2025-07-19","4","129"
"2025-07-19","5","67"
"2025-07-19","6","40"
"2025-07-19","7","20"
"2025-07-19","8","8"
"2025-07-19","9","7"
"2025-07-19","10","5"
"2025-07-19","11","4"
"2025-07-19","12","2"
"2025-07-19","14","2"
"2025-07-19","16","2"
"2025-07-20","1","5326"
"2025-07-20","2","1127"
"2025-07-20","3","359"
"2025-07-20","4","122"
"2025-07-20","5","77"
"2025-07-20","6","31"
"2025-07-20","7","25"
"2025-07-20","8","12"
"2025-07-20","9","10"
"2025-07-20","10","6"
"2025-07-20","11","5"
"2025-07-20","12","2"
"2025-07-20","15","2"
"2025-07-20","16","2"
"2025-07-21","1","6421"
"2025-07-21","2","1326"
"2025-07-21","3","397"
"2025-07-21","4","168"
"2025-07-21","5","72"
"2025-07-21","6","47"
"2025-07-21","7","22"
"2025-07-21","8","13"
"2025-07-21","9","8"
"2025-07-21","10","7"
"2025-07-21","11","5"
"2025-07-21","12","4"
"2025-07-21","13","2"
"2025-07-21","15","1"
"2025-07-21","16","1"
"2025-07-22","1","5830"
"2025-07-22","2","1281"
"2025-07-22","3","466"
"2025-07-22","4","160"
"2025-07-22","5","77"
"2025-07-22","6","46"
"2025-07-22","7","39"
"2025-07-22","8","18"
"2025-07-22","9","9"
"2025-07-22","10","8"
"2025-07-22","11","6"
"2025-07-22","12","1"
"2025-07-22","13","3"
"2025-07-22","14","2"
"2025-07-22","15","2"
"2025-07-22","16","1"
"2025-07-22","18","2"
"2025-07-22","20","1"
"2025-07-22","21","1"
"2025-07-22","38","1"
"2025-07-23","1","5681"
"2025-07-23","2","1268"
"2025-07-23","3","406"
"2025-07-23","4","146"
"2025-07-23","5","71"
"2025-07-23","6","42"
"2025-07-23","7","31"
"2025-07-23","8","20"
"2025-07-23","9","4"
"2025-07-23","10","9"
"2025-07-23","11","2"
"2025-07-23","12","7"
"2025-07-23","13","5"
"2025-07-23","14","1"
"2025-07-23","15","3"
"2025-07-23","16","4"
"2025-07-23","17","1"
"2025-07-23","19","1"
"2025-07-24","1","5506"
"2025-07-24","2","1271"
"2025-07-24","3","397"
"2025-07-24","4","140"
"2025-07-24","5","82"
"2025-07-24","6","32"
"2025-07-24","7","25"
"2025-07-24","8","19"
"2025-07-24","9","5"
"2025-07-24","10","4"
"2025-07-24","11","9"
"2025-07-24","12","1"
"2025-07-24","13","1"
"2025-07-24","14","1"
"2025-07-24","15","1"
"2025-07-24","16","2"
"2025-07-24","19","1"
"2025-07-24","29","1"
"2025-07-25","1","5181"
"2025-07-25","2","1191"
"2025-07-25","3","370"
"2025-07-25","4","129"
"2025-07-25","5","63"
"2025-07-25","6","36"
"2025-07-25","7","19"
"2025-07-25","8","11"
"2025-07-25","9","6"
"2025-07-25","10","2"
"2025-07-25","11","3"
"2025-07-25","12","2"
"2025-07-25","13","2"
"2025-07-25","14","1"
"2025-07-25","15","2"
"2025-07-26","1","4865"
"2025-07-26","2","992"
"2025-07-26","3","291"
"2025-07-26","4","122"
"2025-07-26","5","39"
"2025-07-26","6","23"
"2025-07-26","7","13"
"2025-07-26","8","8"
"2025-07-26","9","4"
"2025-07-26","10","6"
"2025-07-26","11","1"
"2025-07-26","12","2"
"2025-07-26","13","1"
"2025-07-26","14","1"
"2025-07-26","27","1"
"2025-07-27","1","4883"
"2025-07-27","2","947"
"2025-07-27","3","272"
"2025-07-27","4","105"
"2025-07-27","5","48"
"2025-07-27","6","29"
"2025-07-27","7","9"
"2025-07-27","8","5"
"2025-07-27","9","2"
"2025-07-27","10","2"
"2025-07-27","11","1"
"2025-07-27","12","1"
"2025-07-28","1","5243"
"2025-07-28","2","1051"
"2025-07-28","3","335"
"2025-07-28","4","125"
"2025-07-28","5","50"
"2025-07-28","6","24"
"2025-07-28","7","22"
"2025-07-28","8","17"
"2025-07-28","9","7"
"2025-07-28","10","2"
"2025-07-28","12","2"
"2025-07-28","14","1"
"2025-07-28","15","2"
"2025-07-28","16","4"
"2025-07-28","17","1"
"2025-07-29","1","5234"
"2025-07-29","2","1069"
"2025-07-29","3","315"
"2025-07-29","4","114"
"2025-07-29","5","52"
"2025-07-29","6","32"
"2025-07-29","7","16"
"2025-07-29","8","12"
"2025-07-29","9","5"
"2025-07-29","10","3"
"2025-07-29","11","5"
"2025-07-29","12","1"
"2025-07-29","13","1"
"2025-07-29","14","3"
"2025-07-29","15","1"
"2025-07-29","17","1"
"2025-07-30","1","4965"
"2025-07-30","2","1041"
"2025-07-30","3","366"
"2025-07-30","4","113"
"2025-07-30","5","57"
"2025-07-30","6","21"
"2025-07-30","7","7"
"2025-07-30","8","9"
"2025-07-30","9","9"
"2025-07-30","10","3"
"2025-07-30","11","4"
"2025-07-30","12","4"
"2025-07-31","1","4854"
"2025-07-31","2","1037"
"2025-07-31","3","312"
"2025-07-31","4","106"
"2025-07-31","5","41"
"2025-07-31","6","28"
"2025-07-31","7","7"
"2025-07-31","8","8"
"2025-07-31","9","6"
"2025-07-31","10","4"
"2025-07-31","11","4"
"2025-07-31","13","2"
"2025-07-31","14","1"
"2025-07-31","15","1"
"2025-07-31","22","1"
"2025-08-01","1","4632"
"2025-08-01","2","1069"
"2025-08-01","3","306"
"2025-08-01","4","96"
"2025-08-01","5","57"
"2025-08-01","6","28"
"2025-08-01","7","18"
"2025-08-01","8","7"
"2025-08-01","9","3"
"2025-08-01","10","3"
"2025-08-01","11","5"
"2025-08-01","12","1"
"2025-08-01","13","2"
"2025-08-01","14","1"
"2025-08-01","15","1"
"2025-08-02","1","4919"
"2025-08-02","2","976"
"2025-08-02","3","280"
"2025-08-02","4","93"
"2025-08-02","5","37"
"2025-08-02","6","11"
"2025-08-02","7","11"
"2025-08-02","8","12"
"2025-08-02","9","3"
"2025-08-02","10","4"
"2025-08-02","11","4"
"2025-08-02","12","2"
"2025-08-02","13","1"
"2025-08-02","14","2"
"2025-08-03","1","4490"
"2025-08-03","2","822"
"2025-08-03","3","212"
"2025-08-03","4","79"
"2025-08-03","5","35"
"2025-08-03","6","17"
"2025-08-03","7","11"
"2025-08-03","8","7"
"2025-08-03","9","2"
"2025-08-03","10","1"
"2025-08-03","11","1"
"2025-08-03","12","2"
"2025-08-03","13","1"
"2025-08-03","16","1"
"2025-08-04","1","5946"
"2025-08-04","2","1264"
"2025-08-04","3","362"
"2025-08-04","4","137"
"2025-08-04","5","57"
"2025-08-04","6","35"
"2025-08-04","7","17"
"2025-08-04","8","13"
"2025-08-04","9","4"
"2025-08-04","10","5"
"2025-08-04","11","2"
"2025-08-04","12","3"
"2025-08-04","13","1"
"2025-08-04","15","1"
"2025-08-04","16","1"
"2025-08-05","1","5590"
"2025-08-05","2","1160"
"2025-08-05","3","335"
"2025-08-05","4","147"
"2025-08-05","5","51"
"2025-08-05","6","21"
"2025-08-05","7","14"
"2025-08-05","8","13"
"2025-08-05","9","8"
"2025-08-05","10","7"
"2025-08-05","11","1"
"2025-08-05","12","2"
"2025-08-05","13","1"
"2025-08-05","14","2"
"2025-08-05","15","3"
"2025-08-05","17","1"
"2025-08-06","1","5406"
"2025-08-06","2","1063"
"2025-08-06","3","324"
"2025-08-06","4","123"
"2025-08-06","5","41"
"2025-08-06","6","26"
"2025-08-06","7","15"
"2025-08-06","8","7"
"2025-08-06","9","2"
"2025-08-06","10","4"
"2025-08-06","11","6"
"2025-08-06","12","3"
"2025-08-06","13","4"
"2025-08-06","16","3"
"2025-08-07","1","5163"
"2025-08-07","2","1009"
"2025-08-07","3","263"
"2025-08-07","4","103"
"2025-08-07","5","46"
"2025-08-07","6","23"
"2025-08-07","7","14"
"2025-08-07","8","8"
"2025-08-07","9","4"
"2025-08-07","10","1"
"2025-08-07","11","3"
"2025-08-07","12","2"
"2025-08-07","14","1"
"2025-08-07","15","2"
"2025-08-07","17","1"
"2025-08-08","1","4708"
"2025-08-08","2","863"
"2025-08-08","3","261"
"2025-08-08","4","94"
"2025-08-08","5","47"
"2025-08-08","6","21"
"2025-08-08","7","11"
"2025-08-08","8","9"
"2025-08-08","9","8"
"2025-08-08","10","3"
"2025-08-08","11","3"
"2025-08-08","12","2"
"2025-08-08","13","1"
"2025-08-08","14","1"
"2025-08-08","18","1"
"2025-08-08","28","1"
"2025-08-09","1","4146"
"2025-08-09","2","695"
"2025-08-09","3","216"
"2025-08-09","4","125"
"2025-08-09","5","30"
"2025-08-09","6","17"
"2025-08-09","7","8"
"2025-08-09","8","4"
"2025-08-09","9","6"
"2025-08-09","10","2"
"2025-08-09","11","3"
"2025-08-09","12","4"
"2025-08-09","14","2"
"2025-08-09","15","1"
"2025-08-09","16","1"
"2025-08-10","1","4526"
"2025-08-10","2","861"
"2025-08-10","3","241"
"2025-08-10","4","113"
"2025-08-10","5","60"
"2025-08-10","6","27"
"2025-08-10","7","20"
"2025-08-10","8","10"
"2025-08-10","9","10"
"2025-08-10","10","7"
"2025-08-10","11","4"
"2025-08-10","12","3"
"2025-08-10","13","1"
"2025-08-10","15","3"
"2025-08-11","1","5358"
"2025-08-11","2","1024"
"2025-08-11","3","327"
"2025-08-11","4","114"
"2025-08-11","5","55"
"2025-08-11","6","26"
"2025-08-11","7","14"
"2025-08-11","8","8"
"2025-08-11","9","10"
"2025-08-11","10","3"
"2025-08-11","11","5"
"2025-08-11","12","3"
"2025-08-11","13","2"
"2025-08-11","14","2"
"2025-08-11","18","1"
"2025-08-11","19","1"
"2025-08-11","73","1"
"2025-08-12","1","5414"
"2025-08-12","2","1159"
"2025-08-12","3","311"
"2025-08-12","4","107"
"2025-08-12","5","64"
"2025-08-12","6","33"
"2025-08-12","7","27"
"2025-08-12","8","9"
"2025-08-12","9","9"
"2025-08-12","10","5"
"2025-08-12","12","4"
"2025-08-12","13","3"
"2025-08-12","14","2"
"2025-08-12","16","1"
"2025-08-12","17","2"
"2025-08-12","18","1"
"2025-08-12","20","1"
"2025-08-13","1","5258"
"2025-08-13","2","1394"
"2025-08-13","3","357"
"2025-08-13","4","140"
"2025-08-13","5","79"
"2025-08-13","6","27"
"2025-08-13","7","21"
"2025-08-13","8","11"
"2025-08-13","9","10"
"2025-08-13","10","6"
"2025-08-13","11","10"
"2025-08-13","12","6"
"2025-08-13","13","1"
"2025-08-13","14","2"
"2025-08-13","15","2"
"2025-08-13","16","4"
"2025-08-13","17","1"
"2025-08-13","34","4"
"2025-08-13","35","1"
"2025-08-13","37","1"
"2025-08-14","1","7671"
"2025-08-14","2","2891"
"2025-08-14","3","1295"
"2025-08-14","4","606"
"2025-08-14","5","308"
"2025-08-14","6","144"
"2025-08-14","7","86"
"2025-08-14","8","44"
"2025-08-14","9","26"
"2025-08-14","10","19"
"2025-08-14","11","17"
"2025-08-14","12","25"
"2025-08-14","13","11"
"2025-08-14","14","12"
"2025-08-14","15","14"
"2025-08-14","16","11"
"2025-08-14","17","22"
"2025-08-14","18","2"
"2025-08-14","19","6"
"2025-08-14","20","6"
"2025-08-14","21","3"
"2025-08-14","22","4"
"2025-08-15","1","8736"
"2025-08-15","2","3340"
"2025-08-15","3","1364"
"2025-08-15","4","587"
"2025-08-15","5","277"
"2025-08-15","6","137"
"2025-08-15","7","57"
"2025-08-15","8","64"
"2025-08-15","9","32"
"2025-08-15","10","12"
"2025-08-15","11","36"
"2025-08-15","12","33"
"2025-08-15","13","10"
"2025-08-15","14","16"
"2025-08-15","15","3"
"2025-08-15","16","33"
"2025-08-15","17","10"
"2025-08-15","18","8"
"2025-08-15","19","7"
"2025-08-15","20","44"
"2025-08-15","21","35"
"2025-08-15","22","24"
"2025-08-15","23","1"
"2025-08-15","24","2"
"2025-08-15","27","2"
"2025-08-16","1","5286"
"2025-08-16","2","1130"
"2025-08-16","3","345"
"2025-08-16","4","122"
"2025-08-16","5","72"
"2025-08-16","6","47"
"2025-08-16","7","52"
"2025-08-16","8","29"
"2025-08-16","9","9"
"2025-08-16","10","4"
"2025-08-16","11","8"
"2025-08-16","12","5"
"2025-08-16","13","5"
"2025-08-16","14","2"
"2025-08-16","15","5"
"2025-08-16","16","29"
"2025-08-16","17","21"
"2025-08-16","18","8"
"2025-08-16","19","25"
"2025-08-16","20","9"
"2025-08-16","21","15"
"2025-08-16","22","2"
"2025-08-16","24","1"
"2025-08-17","1","4980"
"2025-08-17","2","1006"
"2025-08-17","3","283"
"2025-08-17","4","119"
"2025-08-17","5","52"
"2025-08-17","6","28"
"2025-08-17","7","18"
"2025-08-17","8","12"
"2025-08-17","9","9"
"2025-08-17","10","22"
"2025-08-17","11","12"
"2025-08-17","12","27"
"2025-08-17","13","35"
"2025-08-17","14","54"
"2025-08-17","15","86"
"2025-08-17","16","32"
"2025-08-17","17","1"
"2025-08-17","18","1"
"2025-08-17","21","2"
"2025-08-17","22","10"
"2025-08-17","23","30"
"2025-08-17","24","4"
"2025-08-17","25","2"
"2025-08-18","1","5920"
"2025-08-18","2","1285"
"2025-08-18","3","376"
"2025-08-18","4","145"
"2025-08-18","5","84"
"2025-08-18","6","67"
"2025-08-18","7","25"
"2025-08-18","8","23"
"2025-08-18","9","14"
"2025-08-18","10","45"
"2025-08-18","11","50"
"2025-08-18","12","18"
"2025-08-18","13","2"
"2025-08-18","14","7"
"2025-08-18","15","36"
"2025-08-18","16","11"
"2025-08-18","17","53"
"2025-08-18","18","54"
"2025-08-18","19","5"
"2025-08-18","22","1"
"2025-08-18","23","6"
"2025-08-18","24","12"
"2025-08-18","25","19"
"2025-08-18","26","21"
"2025-08-18","27","18"
"2025-08-18","28","2"
"2025-08-18","29","4"
"2025-08-18","30","4"
"2025-08-18","31","4"
"2025-08-18","32","2"
"2025-08-19","1","7944"
"2025-08-19","2","1816"
"2025-08-19","3","530"
"2025-08-19","4","315"
"2025-08-19","5","153"
"2025-08-19","6","96"
"2025-08-19","7","27"
"2025-08-19","8","14"
"2025-08-19","9","12"
"2025-08-19","10","31"
"2025-08-19","11","21"
"2025-08-19","12","25"
"2025-08-19","13","14"
"2025-08-19","14","1"
"2025-08-19","18","1"
"2025-08-19","20","2"
"2025-08-19","23","1"
"2025-08-19","24","5"
"2025-08-19","25","20"
"2025-08-19","26","67"
"2025-08-19","27","23"
"2025-08-19","28","7"
"2025-08-19","29","1"
"2025-08-20","1","5"
"2025-08-20","3","1"
